﻿<parameters>
  <parameter name="IIS Web Application Name" defaultValue="Default Web Site/owaitlist_deploy" tags="IisApp">
    <parameterEntry kind="ProviderPath" scope="IisApp" match="^C:\\Users\\Nish\\Documents\\Visual\ Studio\ 2010\\Projects\\owaitlist\\owaitlist\\obj\\Debug\\Package\\PackageTmp$" />
    <parameterEntry kind="ProviderPath" scope="setAcl" match="^C:\\Users\\Nish\\Documents\\Visual\ Studio\ 2010\\Projects\\owaitlist\\owaitlist\\obj\\Debug\\Package\\PackageTmp$" />
  </parameter>
  <parameter name="ApplicationServices-Web.config Connection String" description="ApplicationServices Connection String used in web.config by the application to access the database." defaultValue="Server=doghorn.arvixe.com;Database=owlsvcs;User ID=owlsdbadmin;Password=owlsman321;" tags="SqlConnectionString">
    <parameterEntry kind="XmlFile" scope="C:\\Users\\Nish\\Documents\\Visual\ Studio\ 2010\\Projects\\owaitlist\\owaitlist\\obj\\Debug\\Package\\PackageTmp\\Web\.config$" match="/configuration/connectionStrings/add[@name='ApplicationServices']/@connectionString" />
  </parameter>
  <parameter name="OwlEntities-Web.config Connection String" description="OwlEntities Connection String used in web.config by the application to access the database." defaultValue="Server=doghorn.arvixe.com;Database=owlsdb;User ID=owlsdbadmin;Password=owlsman321;" tags="SqlConnectionString">
    <parameterEntry kind="XmlFile" scope="C:\\Users\\Nish\\Documents\\Visual\ Studio\ 2010\\Projects\\owaitlist\\owaitlist\\obj\\Debug\\Package\\PackageTmp\\Web\.config$" match="/configuration/connectionStrings/add[@name='OwlEntities']/@connectionString" />
  </parameter>
</parameters>